<?xml version="1.0" encoding="UTF-8"?>
<metadata xml:lang="ja"><Esri><CreaDate>20250618</CreaDate><CreaTime>04565400</CreaTime><ArcGISFormat>1.0</ArcGISFormat><SyncOnce>FALSE</SyncOnce><DataProperties><itemProps><itemName Sync="TRUE">vector_wajima_city</itemName><imsContentType Sync="TRUE">002</imsContentType><itemSize Sync="TRUE">0.000</itemSize><itemLocation><linkage Sync="TRUE">file://\\HIROMUGALLERIA\I$\2024Noto\template_matching\ArcGIS\shape\vector_wajima_city.shp</linkage><protocol Sync="TRUE">Local Area Network</protocol></itemLocation></itemProps><coordRef><type Sync="TRUE">Geographic</type><geogcsn Sync="TRUE">GCS_WGS_1984</geogcsn><csUnits Sync="TRUE">Angular Unit: Degree (0.017453)</csUnits><peXml Sync="TRUE">&lt;GeographicCoordinateSystem xsi:type='typens:GeographicCoordinateSystem' xmlns:xsi='http://www.w3.org/2001/XMLSchema-instance' xmlns:xs='http://www.w3.org/2001/XMLSchema' xmlns:typens='http://www.esri.com/schemas/ArcGIS/3.4.0'&gt;&lt;WKT&gt;GEOGCS[&amp;quot;GCS_WGS_1984&amp;quot;,DATUM[&amp;quot;D_WGS_1984&amp;quot;,SPHEROID[&amp;quot;WGS_1984&amp;quot;,6378137.0,298.257223563]],PRIMEM[&amp;quot;Greenwich&amp;quot;,0.0],UNIT[&amp;quot;Degree&amp;quot;,0.0174532925199433],AUTHORITY[&amp;quot;EPSG&amp;quot;,4326]]&lt;/WKT&gt;&lt;XOrigin&gt;-400&lt;/XOrigin&gt;&lt;YOrigin&gt;-400&lt;/YOrigin&gt;&lt;XYScale&gt;11258999068426.238&lt;/XYScale&gt;&lt;ZOrigin&gt;-100000&lt;/ZOrigin&gt;&lt;ZScale&gt;10000&lt;/ZScale&gt;&lt;MOrigin&gt;-100000&lt;/MOrigin&gt;&lt;MScale&gt;10000&lt;/MScale&gt;&lt;XYTolerance&gt;8.983152841195215e-09&lt;/XYTolerance&gt;&lt;ZTolerance&gt;0.001&lt;/ZTolerance&gt;&lt;MTolerance&gt;0.001&lt;/MTolerance&gt;&lt;HighPrecision&gt;true&lt;/HighPrecision&gt;&lt;LeftLongitude&gt;-180&lt;/LeftLongitude&gt;&lt;WKID&gt;4326&lt;/WKID&gt;&lt;LatestWKID&gt;4326&lt;/LatestWKID&gt;&lt;/GeographicCoordinateSystem&gt;</peXml></coordRef><lineage><Process ToolSource="c:\users\hirom\appdata\local\programs\arcgis\pro\Resources\ArcToolbox\toolboxes\Data Management Tools.tbx\Merge" Date="20250618" Time="045819">Merge vector_yanagida;vector_wajima;vector_shirayone;vector_nakaya;vector_mitani;vector_matuodani;vector_makino;vector_kanakura;vector_kamiyama;vector_higashinakao;vector_futamata;vector_andaibara I:\2024Noto\template_matching\ArcGIS\shape\vector_wajima_city.shp "Unnamed_ 0 "Unnamed_ 0" true true false 80 Double 0 18,First,#,vector_yanagida,Unnamed_ 0,-1,-1,vector_wajima,Unnamed_ 0,0,79,vector_shirayone,Unnamed_ 0,0,79,vector_nakaya,Unnamed_ 0,-1,-1,vector_mitani,Unnamed_ 0,0,79,vector_matuodani,Unnamed_ 0,-1,-1,vector_makino,Unnamed_ 0,-1,-1,vector_kanakura,Unnamed_ 0,-1,-1,vector_kamiyama,Unnamed_ 0,0,79,vector_higashinakao,Unnamed_ 0,-1,-1,vector_futamata,Unnamed_ 0,-1,-1,vector_andaibara,Unnamed_ 0,0,79;dx "dx" true true false 24 Double 15 23,First,#,vector_yanagida,dx,-1,-1,vector_wajima,dx,-1,-1,vector_shirayone,dx,-1,-1,vector_nakaya,dx,-1,-1,vector_mitani,dx,-1,-1,vector_matuodani,dx,-1,-1,vector_makino,dx,-1,-1,vector_kanakura,dx,-1,-1,vector_kamiyama,dx,-1,-1,vector_higashinakao,dx,-1,-1,vector_futamata,dx,-1,-1,vector_andaibara,dx,-1,-1;dy "dy" true true false 24 Double 15 23,First,#,vector_yanagida,dy,-1,-1,vector_wajima,dy,-1,-1,vector_shirayone,dy,-1,-1,vector_nakaya,dy,-1,-1,vector_mitani,dy,-1,-1,vector_matuodani,dy,-1,-1,vector_makino,dy,-1,-1,vector_kanakura,dy,-1,-1,vector_kamiyama,dy,-1,-1,vector_higashinakao,dy,-1,-1,vector_futamata,dy,-1,-1,vector_andaibara,dy,-1,-1;d "d" true true false 24 Double 15 23,First,#,vector_yanagida,d,-1,-1,vector_wajima,d,-1,-1,vector_shirayone,d,-1,-1,vector_nakaya,d,-1,-1,vector_mitani,d,-1,-1,vector_matuodani,d,-1,-1,vector_makino,d,-1,-1,vector_kanakura,d,-1,-1,vector_kamiyama,d,-1,-1,vector_higashinakao,d,-1,-1,vector_futamata,d,-1,-1,vector_andaibara,d,-1,-1;cr "cr" true true false 24 Double 15 23,First,#,vector_yanagida,cr,-1,-1,vector_wajima,cr,-1,-1,vector_shirayone,cr,-1,-1,vector_nakaya,cr,-1,-1,vector_mitani,cr,-1,-1,vector_matuodani,cr,-1,-1,vector_makino,cr,-1,-1,vector_kanakura,cr,-1,-1,vector_kamiyama,cr,-1,-1,vector_higashinakao,cr,-1,-1,vector_futamata,cr,-1,-1,vector_andaibara,cr,-1,-1;bf_z "bf_z" true true false 24 Double 15 23,First,#,vector_yanagida,bf_z,-1,-1,vector_wajima,bf_z,-1,-1,vector_shirayone,bf_z,-1,-1,vector_nakaya,bf_z,-1,-1,vector_mitani,bf_z,-1,-1,vector_matuodani,bf_z,-1,-1,vector_makino,bf_z,-1,-1,vector_kanakura,bf_z,-1,-1,vector_kamiyama,bf_z,-1,-1,vector_higashinakao,bf_z,-1,-1,vector_futamata,bf_z,-1,-1,vector_andaibara,bf_z,-1,-1;af_z "af_z" true true false 24 Double 15 23,First,#,vector_yanagida,af_z,-1,-1,vector_wajima,af_z,-1,-1,vector_shirayone,af_z,-1,-1,vector_nakaya,af_z,-1,-1,vector_mitani,af_z,-1,-1,vector_matuodani,af_z,-1,-1,vector_makino,af_z,-1,-1,vector_kanakura,af_z,-1,-1,vector_kamiyama,af_z,-1,-1,vector_higashinakao,af_z,-1,-1,vector_futamata,af_z,-1,-1,vector_andaibara,af_z,-1,-1;dz "dz" true true false 24 Double 15 23,First,#,vector_yanagida,dz,-1,-1,vector_wajima,dz,-1,-1,vector_shirayone,dz,-1,-1,vector_nakaya,dz,-1,-1,vector_mitani,dz,-1,-1,vector_matuodani,dz,-1,-1,vector_makino,dz,-1,-1,vector_kanakura,dz,-1,-1,vector_kamiyama,dz,-1,-1,vector_higashinakao,dz,-1,-1,vector_futamata,dz,-1,-1,vector_andaibara,dz,-1,-1;aspect "aspect" true true false 24 Double 15 23,First,#,vector_yanagida,aspect,-1,-1,vector_wajima,aspect,-1,-1,vector_shirayone,aspect,-1,-1,vector_nakaya,aspect,-1,-1,vector_mitani,aspect,-1,-1,vector_matuodani,aspect,-1,-1,vector_makino,aspect,-1,-1,vector_kanakura,aspect,-1,-1,vector_kamiyama,aspect,-1,-1,vector_higashinakao,aspect,-1,-1,vector_futamata,aspect,-1,-1,vector_andaibara,aspect,-1,-1;x "x" true true false 24 Double 15 23,First,#,vector_yanagida,x,-1,-1,vector_wajima,x,-1,-1,vector_shirayone,x,-1,-1,vector_nakaya,x,-1,-1,vector_mitani,x,-1,-1,vector_matuodani,x,-1,-1,vector_makino,x,-1,-1,vector_kanakura,x,-1,-1,vector_kamiyama,x,-1,-1,vector_higashinakao,x,-1,-1,vector_futamata,x,-1,-1,vector_andaibara,x,-1,-1;y "y" true true false 24 Double 15 23,First,#,vector_yanagida,y,-1,-1,vector_wajima,y,-1,-1,vector_shirayone,y,-1,-1,vector_nakaya,y,-1,-1,vector_mitani,y,-1,-1,vector_matuodani,y,-1,-1,vector_makino,y,-1,-1,vector_kanakura,y,-1,-1,vector_kamiyama,y,-1,-1,vector_higashinakao,y,-1,-1,vector_futamata,y,-1,-1,vector_andaibara,y,-1,-1;aspect2 "aspect2" true true false 24 Double 15 23,First,#,vector_yanagida,aspect2,-1,-1,vector_wajima,aspect2,-1,-1,vector_shirayone,aspect2,-1,-1,vector_nakaya,aspect2,-1,-1,vector_mitani,aspect2,-1,-1,vector_matuodani,aspect2,-1,-1,vector_makino,aspect2,-1,-1,vector_kanakura,aspect2,-1,-1,vector_kamiyama,aspect2,-1,-1,vector_higashinakao,aspect2,-1,-1,vector_futamata,aspect2,-1,-1,vector_andaibara,aspect2,-1,-1" NO_SOURCE_INFO MANUAL_EDIT</Process></lineage></DataProperties><SyncDate>20250618</SyncDate><SyncTime>04565400</SyncTime><ModDate>20250618</ModDate><ModTime>04565400</ModTime></Esri><dataIdInfo><envirDesc Sync="TRUE">Microsoft Windows 10 Version 10.0 (Build 26100) ; Esri ArcGIS 13.4.0.55405</envirDesc><dataLang><languageCode value="jpn" Sync="TRUE"></languageCode><countryCode value="JPN" Sync="TRUE"></countryCode></dataLang><idCitation><resTitle Sync="TRUE">vector_wajima_city</resTitle><presForm><PresFormCd value="005" Sync="TRUE"></PresFormCd></presForm></idCitation><spatRpType><SpatRepTypCd value="001" Sync="TRUE"></SpatRepTypCd></spatRpType></dataIdInfo><mdLang><languageCode value="jpn" Sync="TRUE"></languageCode><countryCode value="JPN" Sync="TRUE"></countryCode></mdLang><mdChar><CharSetCd value="004" Sync="TRUE"></CharSetCd></mdChar><distInfo><distFormat><formatName Sync="TRUE">シェープファイル</formatName></distFormat><distTranOps><transSize Sync="TRUE">0.000</transSize></distTranOps></distInfo><mdHrLv><ScopeCd value="005" Sync="TRUE"></ScopeCd></mdHrLv><mdHrLvName Sync="TRUE">dataset</mdHrLvName><refSysInfo><RefSystem><refSysID><identCode code="4326" Sync="TRUE"></identCode><idCodeSpace Sync="TRUE">EPSG</idCodeSpace><idVersion Sync="TRUE">6.2(3.0.1)</idVersion></refSysID></RefSystem></refSysInfo><spatRepInfo><VectSpatRep><geometObjs Name="vector_wajima_city"><geoObjTyp><GeoObjTypCd value="004" Sync="TRUE"></GeoObjTypCd></geoObjTyp><geoObjCnt Sync="TRUE">0</geoObjCnt></geometObjs><topLvl><TopoLevCd value="001" Sync="TRUE"></TopoLevCd></topLvl></VectSpatRep></spatRepInfo><spdoinfo><ptvctinf><esriterm Name="vector_wajima_city"><efeatyp Sync="TRUE">Simple</efeatyp><efeageom code="1" Sync="TRUE"></efeageom><esritopo Sync="TRUE">FALSE</esritopo><efeacnt Sync="TRUE">0</efeacnt><spindex Sync="TRUE">FALSE</spindex><linrefer Sync="TRUE">FALSE</linrefer></esriterm></ptvctinf></spdoinfo><eainfo><detailed Name="vector_wajima_city"><enttyp><enttypl Sync="TRUE">vector_wajima_city</enttypl><enttypt Sync="TRUE">Feature Class</enttypt><enttypc Sync="TRUE">0</enttypc></enttyp><attr><attrlabl Sync="TRUE">FID</attrlabl><attalias Sync="TRUE">FID</attalias><attrtype Sync="TRUE">OID</attrtype><attwidth Sync="TRUE">4</attwidth><atprecis Sync="TRUE">0</atprecis><attscale Sync="TRUE">0</attscale><attrdef Sync="TRUE">Internal feature number.</attrdef><attrdefs Sync="TRUE">Esri</attrdefs><attrdomv><udom Sync="TRUE">Sequential unique whole numbers that are automatically generated.</udom></attrdomv></attr><attr><attrlabl Sync="TRUE">Shape</attrlabl><attalias Sync="TRUE">Shape</attalias><attrtype Sync="TRUE">Geometry</attrtype><attwidth Sync="TRUE">0</attwidth><atprecis Sync="TRUE">0</atprecis><attscale Sync="TRUE">0</attscale><attrdef Sync="TRUE">Feature geometry.</attrdef><attrdefs Sync="TRUE">Esri</attrdefs><attrdomv><udom Sync="TRUE">Coordinates defining the features.</udom></attrdomv></attr><attr><attrlabl Sync="TRUE">Unnamed__0</attrlabl><attalias Sync="TRUE">Unnamed__0</attalias><attrtype Sync="TRUE">Double</attrtype><attwidth Sync="TRUE">18</attwidth><atprecis Sync="TRUE">18</atprecis><attscale Sync="TRUE">0</attscale></attr><attr><attrlabl Sync="TRUE">dx</attrlabl><attalias Sync="TRUE">dx</attalias><attrtype Sync="TRUE">Double</attrtype><attwidth Sync="TRUE">19</attwidth><atprecis Sync="TRUE">18</atprecis><attscale Sync="TRUE">15</attscale></attr><attr><attrlabl Sync="TRUE">dy</attrlabl><attalias Sync="TRUE">dy</attalias><attrtype Sync="TRUE">Double</attrtype><attwidth Sync="TRUE">19</attwidth><atprecis Sync="TRUE">18</atprecis><attscale Sync="TRUE">15</attscale></attr><attr><attrlabl Sync="TRUE">d</attrlabl><attalias Sync="TRUE">d</attalias><attrtype Sync="TRUE">Double</attrtype><attwidth Sync="TRUE">19</attwidth><atprecis Sync="TRUE">18</atprecis><attscale Sync="TRUE">15</attscale></attr><attr><attrlabl Sync="TRUE">cr</attrlabl><attalias Sync="TRUE">cr</attalias><attrtype Sync="TRUE">Double</attrtype><attwidth Sync="TRUE">19</attwidth><atprecis Sync="TRUE">18</atprecis><attscale Sync="TRUE">15</attscale></attr><attr><attrlabl Sync="TRUE">bf_z</attrlabl><attalias Sync="TRUE">bf_z</attalias><attrtype Sync="TRUE">Double</attrtype><attwidth Sync="TRUE">19</attwidth><atprecis Sync="TRUE">18</atprecis><attscale Sync="TRUE">15</attscale></attr><attr><attrlabl Sync="TRUE">af_z</attrlabl><attalias Sync="TRUE">af_z</attalias><attrtype Sync="TRUE">Double</attrtype><attwidth Sync="TRUE">19</attwidth><atprecis Sync="TRUE">18</atprecis><attscale Sync="TRUE">15</attscale></attr><attr><attrlabl Sync="TRUE">dz</attrlabl><attalias Sync="TRUE">dz</attalias><attrtype Sync="TRUE">Double</attrtype><attwidth Sync="TRUE">19</attwidth><atprecis Sync="TRUE">18</atprecis><attscale Sync="TRUE">15</attscale></attr><attr><attrlabl Sync="TRUE">aspect</attrlabl><attalias Sync="TRUE">aspect</attalias><attrtype Sync="TRUE">Double</attrtype><attwidth Sync="TRUE">19</attwidth><atprecis Sync="TRUE">18</atprecis><attscale Sync="TRUE">15</attscale></attr><attr><attrlabl Sync="TRUE">x</attrlabl><attalias Sync="TRUE">x</attalias><attrtype Sync="TRUE">Double</attrtype><attwidth Sync="TRUE">19</attwidth><atprecis Sync="TRUE">18</atprecis><attscale Sync="TRUE">15</attscale></attr><attr><attrlabl Sync="TRUE">y</attrlabl><attalias Sync="TRUE">y</attalias><attrtype Sync="TRUE">Double</attrtype><attwidth Sync="TRUE">19</attwidth><atprecis Sync="TRUE">18</atprecis><attscale Sync="TRUE">15</attscale></attr><attr><attrlabl Sync="TRUE">aspect2</attrlabl><attalias Sync="TRUE">aspect2</attalias><attrtype Sync="TRUE">Double</attrtype><attwidth Sync="TRUE">19</attwidth><atprecis Sync="TRUE">18</atprecis><attscale Sync="TRUE">15</attscale></attr></detailed></eainfo><mdDateSt Sync="TRUE">20250618</mdDateSt></metadata>
