<?xml version="1.0" encoding="UTF-8"?>
<metadata xml:lang="ja"><Esri><CreaDate>20250214</CreaDate><CreaTime>02592100</CreaTime><ArcGISFormat>1.0</ArcGISFormat><SyncOnce>FALSE</SyncOnce><DataProperties><lineage><Process ToolSource="c:\users\hirom\appdata\local\programs\arcgis\pro\Resources\ArcToolbox\Toolboxes\Data Management Tools.tbx\UpdateSchema" Date="20250214" Time="025921">UpdateSchema "CIMDATA=&lt;CIMStandardDataConnection xsi:type='typens:CIMStandardDataConnection' xmlns:xsi='http://www.w3.org/2001/XMLSchema-instance' xmlns:xs='http://www.w3.org/2001/XMLSchema' xmlns:typens='http://www.esri.com/schemas/ArcGIS/3.4.0'&gt;&lt;WorkspaceConnectionString&gt;DATABASE=G:\マイドライブ\IPU_Share\learning_opencv\template_matching\sosogi\shape&lt;/WorkspaceConnectionString&gt;&lt;WorkspaceFactory&gt;Shapefile&lt;/WorkspaceFactory&gt;&lt;Dataset&gt;vector_sosogi.shp&lt;/Dataset&gt;&lt;DatasetType&gt;esriDTFeatureClass&lt;/DatasetType&gt;&lt;/CIMStandardDataConnection&gt;" &lt;operationSequence&gt;&lt;workflow&gt;&lt;AddField&gt;&lt;field_name&gt;aspect2&lt;/field_name&gt;&lt;field_type&gt;DOUBLE&lt;/field_type&gt;&lt;field_is_nullable&gt;False&lt;/field_is_nullable&gt;&lt;field_is_required&gt;False&lt;/field_is_required&gt;&lt;/AddField&gt;&lt;/workflow&gt;&lt;/operationSequence&gt;</Process><Process ToolSource="c:\users\hirom\appdata\local\programs\arcgis\pro\Resources\ArcToolbox\toolboxes\Data Management Tools.tbx\CalculateField" Date="20250214" Time="030137">CalculateField vector_sosogi aspect2 (!aspect! -  90) PYTHON3 # TEXT NO_ENFORCE_DOMAINS</Process><Process ToolSource="c:\users\hirom\appdata\local\programs\arcgis\pro\Resources\ArcToolbox\toolboxes\Data Management Tools.tbx\Merge" Date="20250617" Time="033431">Merge vector_sosogi;vector_terayama;vector_futago;vector_sasanami;vector_minamiyama;vector_otani;vector_naka I:\2024Noto\template_matching\ArcGIS\shape\vector_suzu.shp "Unnamed_ 0 "Unnamed_ 0" true true false 80 Text 0 0,First,#,vector_sosogi,Unnamed_ 0,0,79,vector_terayama,Unnamed_ 0,-1,-1,vector_futago,Unnamed_ 0,-1,-1,vector_sasanami,Unnamed_ 0,-1,-1,vector_minamiyama,Unnamed_ 0,-1,-1,vector_otani,Unnamed_ 0,0,79,vector_naka,Unnamed_ 0,-1,-1;dx "dx" true true false 24 Double 15 23,First,#,vector_sosogi,dx,-1,-1,vector_terayama,dx,-1,-1,vector_futago,dx,-1,-1,vector_sasanami,dx,-1,-1,vector_minamiyama,dx,-1,-1,vector_otani,dx,-1,-1,vector_naka,dx,-1,-1;dy "dy" true true false 24 Double 15 23,First,#,vector_sosogi,dy,-1,-1,vector_terayama,dy,-1,-1,vector_futago,dy,-1,-1,vector_sasanami,dy,-1,-1,vector_minamiyama,dy,-1,-1,vector_otani,dy,-1,-1,vector_naka,dy,-1,-1;d "d" true true false 24 Double 15 23,First,#,vector_sosogi,d,-1,-1,vector_terayama,d,-1,-1,vector_futago,d,-1,-1,vector_sasanami,d,-1,-1,vector_minamiyama,d,-1,-1,vector_otani,d,-1,-1,vector_naka,d,-1,-1;cr "cr" true true false 24 Double 15 23,First,#,vector_sosogi,cr,-1,-1,vector_terayama,cr,-1,-1,vector_futago,cr,-1,-1,vector_sasanami,cr,-1,-1,vector_minamiyama,cr,-1,-1,vector_otani,cr,-1,-1,vector_naka,cr,-1,-1;bf_z "bf_z" true true false 24 Double 15 23,First,#,vector_sosogi,bf_z,-1,-1,vector_terayama,bf_z,-1,-1,vector_futago,bf_z,-1,-1,vector_sasanami,bf_z,-1,-1,vector_minamiyama,bf_z,-1,-1,vector_otani,bf_z,-1,-1,vector_naka,bf_z,-1,-1;af_z "af_z" true true false 24 Double 15 23,First,#,vector_sosogi,af_z,-1,-1,vector_terayama,af_z,-1,-1,vector_futago,af_z,-1,-1,vector_sasanami,af_z,-1,-1,vector_minamiyama,af_z,-1,-1,vector_otani,af_z,-1,-1,vector_naka,af_z,-1,-1;dz "dz" true true false 24 Double 15 23,First,#,vector_sosogi,dz,-1,-1,vector_terayama,dz,-1,-1,vector_futago,dz,-1,-1,vector_sasanami,dz,-1,-1,vector_minamiyama,dz,-1,-1,vector_otani,dz,-1,-1,vector_naka,dz,-1,-1;aspect "aspect" true true false 24 Double 15 23,First,#,vector_sosogi,aspect,-1,-1,vector_terayama,aspect,-1,-1,vector_futago,aspect,-1,-1,vector_sasanami,aspect,-1,-1,vector_minamiyama,aspect,-1,-1,vector_otani,aspect,-1,-1,vector_naka,aspect,-1,-1;x "x" true true false 24 Double 15 23,First,#,vector_sosogi,x,-1,-1,vector_terayama,x,-1,-1,vector_futago,x,-1,-1,vector_sasanami,x,-1,-1,vector_minamiyama,x,-1,-1,vector_otani,x,-1,-1,vector_naka,x,-1,-1;y "y" true true false 24 Double 15 23,First,#,vector_sosogi,y,-1,-1,vector_terayama,y,-1,-1,vector_futago,y,-1,-1,vector_sasanami,y,-1,-1,vector_minamiyama,y,-1,-1,vector_otani,y,-1,-1,vector_naka,y,-1,-1;aspect2 "aspect2" true true false 19 Double 0 0,First,#,vector_sosogi,aspect2,-1,-1,vector_terayama,aspect2,-1,-1,vector_futago,aspect2,-1,-1,vector_sasanami,aspect2,-1,-1,vector_minamiyama,aspect2,-1,-1,vector_otani,aspect2,-1,-1,vector_naka,aspect2,-1,-1" NO_SOURCE_INFO MANUAL_EDIT</Process></lineage><itemProps><itemName Sync="TRUE">vector_suzu</itemName><imsContentType Sync="TRUE">002</imsContentType><itemSize Sync="TRUE">0.000</itemSize><itemLocation><linkage Sync="TRUE">file://\\HIROMUGALLERIA\I$\2024Noto\template_matching\ArcGIS\shape\vector_suzu.shp</linkage><protocol Sync="TRUE">Local Area Network</protocol></itemLocation></itemProps><coordRef><type Sync="TRUE">Geographic</type><geogcsn Sync="TRUE">GCS_WGS_1984</geogcsn><csUnits Sync="TRUE">Angular Unit: Degree (0.017453)</csUnits><peXml Sync="TRUE">&lt;GeographicCoordinateSystem xsi:type='typens:GeographicCoordinateSystem' xmlns:xsi='http://www.w3.org/2001/XMLSchema-instance' xmlns:xs='http://www.w3.org/2001/XMLSchema' xmlns:typens='http://www.esri.com/schemas/ArcGIS/3.4.0'&gt;&lt;WKT&gt;GEOGCS[&amp;quot;GCS_WGS_1984&amp;quot;,DATUM[&amp;quot;D_WGS_1984&amp;quot;,SPHEROID[&amp;quot;WGS_1984&amp;quot;,6378137.0,298.257223563]],PRIMEM[&amp;quot;Greenwich&amp;quot;,0.0],UNIT[&amp;quot;Degree&amp;quot;,0.0174532925199433],AUTHORITY[&amp;quot;EPSG&amp;quot;,4326]]&lt;/WKT&gt;&lt;XOrigin&gt;-400&lt;/XOrigin&gt;&lt;YOrigin&gt;-400&lt;/YOrigin&gt;&lt;XYScale&gt;11258999068426.238&lt;/XYScale&gt;&lt;ZOrigin&gt;-100000&lt;/ZOrigin&gt;&lt;ZScale&gt;10000&lt;/ZScale&gt;&lt;MOrigin&gt;-100000&lt;/MOrigin&gt;&lt;MScale&gt;10000&lt;/MScale&gt;&lt;XYTolerance&gt;8.983152841195215e-09&lt;/XYTolerance&gt;&lt;ZTolerance&gt;0.001&lt;/ZTolerance&gt;&lt;MTolerance&gt;0.001&lt;/MTolerance&gt;&lt;HighPrecision&gt;true&lt;/HighPrecision&gt;&lt;LeftLongitude&gt;-180&lt;/LeftLongitude&gt;&lt;WKID&gt;4326&lt;/WKID&gt;&lt;LatestWKID&gt;4326&lt;/LatestWKID&gt;&lt;/GeographicCoordinateSystem&gt;</peXml></coordRef></DataProperties><SyncDate>20250617</SyncDate><SyncTime>03334800</SyncTime><ModDate>20250617</ModDate><ModTime>03334800</ModTime></Esri><dataIdInfo><envirDesc Sync="TRUE">Microsoft Windows 10 Version 10.0 (Build 26100) ; Esri ArcGIS 13.4.0.55405</envirDesc><dataLang><languageCode value="jpn" Sync="TRUE"></languageCode><countryCode value="JPN" Sync="TRUE"></countryCode></dataLang><idCitation><resTitle Sync="TRUE">vector_suzu</resTitle><presForm><PresFormCd value="005" Sync="TRUE"></PresFormCd></presForm></idCitation><spatRpType><SpatRepTypCd value="001" Sync="TRUE"></SpatRepTypCd></spatRpType></dataIdInfo><mdLang><languageCode value="jpn" Sync="TRUE"></languageCode><countryCode value="JPN" Sync="TRUE"></countryCode></mdLang><mdChar><CharSetCd value="004" Sync="TRUE"></CharSetCd></mdChar><distInfo><distFormat><formatName Sync="TRUE">シェープファイル</formatName></distFormat><distTranOps><transSize Sync="TRUE">0.000</transSize></distTranOps></distInfo><mdHrLv><ScopeCd value="005" Sync="TRUE"></ScopeCd></mdHrLv><mdHrLvName Sync="TRUE">dataset</mdHrLvName><refSysInfo><RefSystem><refSysID><identCode code="4326" Sync="TRUE"></identCode><idCodeSpace Sync="TRUE">EPSG</idCodeSpace><idVersion Sync="TRUE">6.2(3.0.1)</idVersion></refSysID></RefSystem></refSysInfo><spatRepInfo><VectSpatRep><geometObjs Name="vector_suzu"><geoObjTyp><GeoObjTypCd value="004" Sync="TRUE"></GeoObjTypCd></geoObjTyp><geoObjCnt Sync="TRUE">0</geoObjCnt></geometObjs><topLvl><TopoLevCd value="001" Sync="TRUE"></TopoLevCd></topLvl></VectSpatRep></spatRepInfo><spdoinfo><ptvctinf><esriterm Name="vector_suzu"><efeatyp Sync="TRUE">Simple</efeatyp><efeageom code="1" Sync="TRUE"></efeageom><esritopo Sync="TRUE">FALSE</esritopo><efeacnt Sync="TRUE">0</efeacnt><spindex Sync="TRUE">FALSE</spindex><linrefer Sync="TRUE">FALSE</linrefer></esriterm></ptvctinf></spdoinfo><eainfo><detailed Name="vector_suzu"><enttyp><enttypl Sync="TRUE">vector_suzu</enttypl><enttypt Sync="TRUE">Feature Class</enttypt><enttypc Sync="TRUE">0</enttypc></enttyp><attr><attrlabl Sync="TRUE">FID</attrlabl><attalias Sync="TRUE">FID</attalias><attrtype Sync="TRUE">OID</attrtype><attwidth Sync="TRUE">4</attwidth><atprecis Sync="TRUE">0</atprecis><attscale Sync="TRUE">0</attscale><attrdef Sync="TRUE">Internal feature number.</attrdef><attrdefs Sync="TRUE">Esri</attrdefs><attrdomv><udom Sync="TRUE">Sequential unique whole numbers that are automatically generated.</udom></attrdomv></attr><attr><attrlabl Sync="TRUE">Shape</attrlabl><attalias Sync="TRUE">Shape</attalias><attrtype Sync="TRUE">Geometry</attrtype><attwidth Sync="TRUE">0</attwidth><atprecis Sync="TRUE">0</atprecis><attscale Sync="TRUE">0</attscale><attrdef Sync="TRUE">Feature geometry.</attrdef><attrdefs Sync="TRUE">Esri</attrdefs><attrdomv><udom Sync="TRUE">Coordinates defining the features.</udom></attrdomv></attr><attr><attrlabl Sync="TRUE">Unnamed__0</attrlabl><attalias Sync="TRUE">Unnamed__0</attalias><attrtype Sync="TRUE">String</attrtype><attwidth Sync="TRUE">80</attwidth><atprecis Sync="TRUE">0</atprecis><attscale Sync="TRUE">0</attscale></attr><attr><attrlabl Sync="TRUE">dx</attrlabl><attalias Sync="TRUE">dx</attalias><attrtype Sync="TRUE">Double</attrtype><attwidth Sync="TRUE">19</attwidth><atprecis Sync="TRUE">18</atprecis><attscale Sync="TRUE">15</attscale></attr><attr><attrlabl Sync="TRUE">dy</attrlabl><attalias Sync="TRUE">dy</attalias><attrtype Sync="TRUE">Double</attrtype><attwidth Sync="TRUE">19</attwidth><atprecis Sync="TRUE">18</atprecis><attscale Sync="TRUE">15</attscale></attr><attr><attrlabl Sync="TRUE">d</attrlabl><attalias Sync="TRUE">d</attalias><attrtype Sync="TRUE">Double</attrtype><attwidth Sync="TRUE">19</attwidth><atprecis Sync="TRUE">18</atprecis><attscale Sync="TRUE">15</attscale></attr><attr><attrlabl Sync="TRUE">cr</attrlabl><attalias Sync="TRUE">cr</attalias><attrtype Sync="TRUE">Double</attrtype><attwidth Sync="TRUE">19</attwidth><atprecis Sync="TRUE">18</atprecis><attscale Sync="TRUE">15</attscale></attr><attr><attrlabl Sync="TRUE">bf_z</attrlabl><attalias Sync="TRUE">bf_z</attalias><attrtype Sync="TRUE">Double</attrtype><attwidth Sync="TRUE">19</attwidth><atprecis Sync="TRUE">18</atprecis><attscale Sync="TRUE">15</attscale></attr><attr><attrlabl Sync="TRUE">af_z</attrlabl><attalias Sync="TRUE">af_z</attalias><attrtype Sync="TRUE">Double</attrtype><attwidth Sync="TRUE">19</attwidth><atprecis Sync="TRUE">18</atprecis><attscale Sync="TRUE">15</attscale></attr><attr><attrlabl Sync="TRUE">dz</attrlabl><attalias Sync="TRUE">dz</attalias><attrtype Sync="TRUE">Double</attrtype><attwidth Sync="TRUE">19</attwidth><atprecis Sync="TRUE">18</atprecis><attscale Sync="TRUE">15</attscale></attr><attr><attrlabl Sync="TRUE">aspect</attrlabl><attalias Sync="TRUE">aspect</attalias><attrtype Sync="TRUE">Double</attrtype><attwidth Sync="TRUE">19</attwidth><atprecis Sync="TRUE">18</atprecis><attscale Sync="TRUE">15</attscale></attr><attr><attrlabl Sync="TRUE">x</attrlabl><attalias Sync="TRUE">x</attalias><attrtype Sync="TRUE">Double</attrtype><attwidth Sync="TRUE">19</attwidth><atprecis Sync="TRUE">18</atprecis><attscale Sync="TRUE">15</attscale></attr><attr><attrlabl Sync="TRUE">y</attrlabl><attalias Sync="TRUE">y</attalias><attrtype Sync="TRUE">Double</attrtype><attwidth Sync="TRUE">19</attwidth><atprecis Sync="TRUE">18</atprecis><attscale Sync="TRUE">15</attscale></attr><attr><attrlabl Sync="TRUE">aspect2</attrlabl><attalias Sync="TRUE">aspect2</attalias><attrtype Sync="TRUE">Double</attrtype><attwidth Sync="TRUE">19</attwidth><atprecis Sync="TRUE">0</atprecis><attscale Sync="TRUE">0</attscale></attr></detailed></eainfo><mdDateSt Sync="TRUE">20250617</mdDateSt></metadata>
